sample_id,source_photo_filename,generated_filename,rater1_style,rater1_content,rater1_artifacts,rater2_style,rater2_content,rater2_artifacts
1,0080f94ebc.jpg,photo_to_monet_00011.jpg,,,,,,
2,009ddaed1f.jpg,photo_to_monet_00014.jpg,,,,,,
3,00aeb60e25.jpg,photo_to_monet_00015.jpg,,,,,,
4,01622039ef.jpg,photo_to_monet_00030.jpg,,,,,,
5,01771d99c3.jpg,photo_to_monet_00035.jpg,,,,,,
6,01f7a6398e.jpg,photo_to_monet_00046.jpg,,,,,,
7,029854a790.jpg,photo_to_monet_00060.jpg,,,,,,
8,02a1366c74.jpg,photo_to_monet_00061.jpg,,,,,,
9,02a4445906.jpg,photo_to_monet_00062.jpg,,,,,,
10,02ded12bbd.jpg,photo_to_monet_00068.jpg,,,,,,
11,032389e868.jpg,photo_to_monet_00072.jpg,,,,,,
12,0362dd81bb.jpg,photo_to_monet_00078.jpg,,,,,,
13,03950208ff.jpg,photo_to_monet_00080.jpg,,,,,,
14,03ae080a47.jpg,photo_to_monet_00084.jpg,,,,,,
15,042f0e804d.jpg,photo_to_monet_00100.jpg,,,,,,
16,0436aaaf16.jpg,photo_to_monet_00102.jpg,,,,,,
17,047acab66b.jpg,photo_to_monet_00111.jpg,,,,,,
18,0541ce0c1a.jpg,photo_to_monet_00139.jpg,,,,,,
19,057d83cdee.jpg,photo_to_monet_00149.jpg,,,,,,
20,05ca68299e.jpg,photo_to_monet_00155.jpg,,,,,,
21,05f4b38e6e.jpg,photo_to_monet_00160.jpg,,,,,,
22,0665264678.jpg,photo_to_monet_00172.jpg,,,,,,
23,066b81e0f9.jpg,photo_to_monet_00173.jpg,,,,,,
24,069e6e5b82.jpg,photo_to_monet_00177.jpg,,,,,,
25,06a9cf2d11.jpg,photo_to_monet_00179.jpg,,,,,,
26,06b8114f82.jpg,photo_to_monet_00181.jpg,,,,,,
27,06e117b31e.jpg,photo_to_monet_00186.jpg,,,,,,
28,06e156d8ba.jpg,photo_to_monet_00187.jpg,,,,,,
29,07054731ab.jpg,photo_to_monet_00189.jpg,,,,,,
30,073e8b3056.jpg,photo_to_monet_00197.jpg,,,,,,
