epoch,seconds,G_total,G_gan,cycle,identity,D_A,D_B
1,729.0720539074391,7.0790252200444,0.8523874099695333,4.2543989706866,1.972238834548247,0.2387841574885544,0.23976894997803452
2,723.8413599114865,5.464113990330296,0.8462931098129032,3.1512346381692597,1.4665862443129356,0.213719136300903,0.21583620261395114
3,722.744936330244,4.952465410190538,0.8632163518113986,2.7849587366370256,1.304290321121232,0.20390994910682195,0.20292301144626634
4,732.6099701356143,4.734890571674456,0.9026266615144415,2.6061450556178904,1.226118853457037,0.19053376863349858,0.18116211674474422
5,726.7901311274618,4.504961863638631,0.9035491071224349,2.453421425721157,1.1479913284237258,0.1839940351011662,0.181578396557523
6,702.3351559434086,4.245306074805611,0.8548059758358921,2.312755611241626,1.077744490142809,0.18874061726744024,0.1913992262994021
7,723.5112122558057,4.105021421629518,0.8592876563609307,2.22335209748934,1.0223816683403164,0.18716136996405908,0.1869813926093456
8,618.5226513389498,3.993051299014936,0.8766955690001622,2.1435641683648683,0.9727915641461357,0.18550221347992402,0.17955215963444762
9,553.6237396467477,3.917133518090537,0.8947120095860148,2.0889403034794496,0.9334812063906944,0.18506562306446958,0.17402290647654126
10,543.1026211250573,3.846150207431454,0.9116634044687191,2.0356982734502123,0.8987885285258869,0.1831685789437601,0.16717508415426635
11,564.2011472545564,3.795167022586106,0.928747497446058,1.9930934104332703,0.8733261151429299,0.18299216341939745,0.16001059719220834
12,564.3113982174546,3.758083472505284,0.9512665516660612,1.9594914767849883,0.8473254457035672,0.18183488366449463,0.15336649449323558
13,609.7714569736272,3.7054662116720922,0.956747464698023,1.9232341749283968,0.8254845732779081,0.18183539226480755,0.1506473260454497
14,566.880148742348,3.671922054640371,0.9735716222535313,1.8939786478771206,0.804371783546373,0.17962225171747695,0.1439880522822315
15,587.739787587896,3.6824170917433476,1.0282125039559158,1.8676999511790566,0.7865046374192798,0.17846580162754483,0.12937983662513558
16,550.7737214509398,3.6745528647695695,1.0735166558054199,1.8325896274894433,0.7684465821077621,0.1773912536706029,0.11243154606738232
17,591.8368558697402,3.6395429524551504,1.1160428041836252,1.7797762048230925,0.7437239434357291,0.17441147064134313,0.09818655813843834
18,572.1457157675177,3.5806677790994366,1.1284597564290688,1.7336576999453328,0.718550322542952,0.17527878349215537,0.09246842230189276
19,576.1159472558647,3.496955320488902,1.1018687556157671,1.6983722975712061,0.6967142682102262,0.17191772928959514,0.09938790551835365
20,562.9783908333629,3.4339564273085705,1.0947379913518767,1.661889703843227,0.6773287312750385,0.16996884488128283,0.10333069052936789
21,558.1609773319215,3.3754488966721774,1.1031169960421912,1.6197315735229547,0.652600328995613,0.16691195855775182,0.09929415017300774
22,590.8241837527603,3.3430652129578977,1.1241286043083,1.587382966871118,0.6315536418737556,0.1661893395970608,0.09397180682340911
23,579.3560046292841,3.297118777068849,1.13384185755971,1.549819354519447,0.6134575660102033,0.16420758944894018,0.0894670392526618
24,597.9868836607784,3.2734745956002462,1.1531734884369607,1.5237910808843453,0.5965100273417966,0.16263220330759032,0.08527196649198387
25,557.3660147394985,3.2428930806957816,1.171712841155787,1.4906218643129532,0.5805583759384353,0.16203344867938696,0.08241507276346413
26,570.895990723744,3.206539236692991,1.1881255033375966,1.4542585028000399,0.5641552276674338,0.1613596076578215,0.07795030784743708
27,568.5748162362725,3.184810694712541,1.2140365438210283,1.4224256918439813,0.5483484593841731,0.16010664935898894,0.07423095087118237
28,580.504524147138,3.1508986997177533,1.2298005460320836,1.388543394655963,0.5325547561820138,0.1593233117313421,0.07048418646443844
29,548.8295506238937,3.1326040679265503,1.2521268109870112,1.359491740286977,0.5209855128648133,0.15784098072102942,0.06794185033975829
30,564.9075280800462,3.1090844510020976,1.2665245894445347,1.3305073249624615,0.5120525379035581,0.15617424759163745,0.06467298598910816
